alpha,CL,CD,CM,XCp,Cpmn,Xtr_top,Xtr_bottom,airfoil,Re,mach
-5.0,,,-0.0337,,,1.0,0.135,naca2412,100000.0,0.1
-4.0,,,-0.0251,,,1.0,0.1385,naca2412,100000.0,0.1
-3.0,,,-0.0388,,,1.0,0.2816,naca2412,100000.0,0.1
-2.0,,,-0.0536,,,1.0,0.5151,naca2412,100000.0,0.1
-1.0,,,-0.0612,,,0.9958,0.8843,naca2412,100000.0,0.1
0.0,,,-0.065,,,0.9094,1.0,naca2412,100000.0,0.1
1.0,,,-0.0661,,,0.7888,1.0,naca2412,100000.0,0.1
2.0,,,-0.0772,,,0.7276,1.0,naca2412,100000.0,0.1
3.0,,,-0.078,,,0.6742,1.0,naca2412,100000.0,0.1
4.0,,,-0.0778,,,0.6091,1.0,naca2412,100000.0,0.1
-5.0,,,-0.0279,,,1.0,0.1012,naca2412,166810.0537200059,0.1
-4.0,,,-0.0277,,,1.0,0.1028,naca2412,166810.0537200059,0.1
-3.0,,,-0.0541,,,0.9903,0.2199,naca2412,166810.0537200059,0.1
-2.0,,,-0.0586,,,0.9373,0.4245,naca2412,166810.0537200059,0.1
-1.0,,,-0.0556,,,0.8834,0.7547,naca2412,166810.0537200059,0.1
0.0,,,-0.0649,,,0.8018,0.9516,naca2412,166810.0537200059,0.1
1.0,,,-0.0711,,,0.6882,1.0,naca2412,166810.0537200059,0.1
2.0,,,-0.0821,,,0.6318,1.0,naca2412,166810.0537200059,0.1
3.0,,,-0.0724,,,0.576,1.0,naca2412,166810.0537200059,0.1
4.0,,,-0.0692,,,0.5137,1.0,naca2412,166810.0537200059,0.1
-5.0,,,-0.0291,,,1.0,0.0763,naca2412,278255.94022071257,0.1
-4.0,,,-0.0541,,,0.9532,0.0784,naca2412,278255.94022071257,0.1
-3.0,,,-0.0529,,,0.9025,0.1717,naca2412,278255.94022071257,0.1
-2.0,,,-0.0566,,,0.8527,0.3619,naca2412,278255.94022071257,0.1
-1.0,,,-0.0604,,,0.7995,0.6538,naca2412,278255.94022071257,0.1
0.0,,,-0.0518,,,0.7233,0.8515,naca2412,278255.94022071257,0.1
1.0,,,-0.0591,,,0.6148,0.9945,naca2412,278255.94022071257,0.1
2.0,,,-0.0657,,,0.5607,1.0,naca2412,278255.94022071257,0.1
3.0,,,-0.0553,,,0.5085,1.0,naca2412,278255.94022071257,0.1
4.0,,,-0.0584,,,0.4474,1.0,naca2412,278255.94022071257,0.1
-5.0,,,-0.0496,,,0.9341,0.059,naca2412,464158.8833612782,0.1
-4.0,,,-0.0516,,,0.8875,0.0617,naca2412,464158.8833612782,0.1
-3.0,,,-0.0493,,,0.8376,0.1407,naca2412,464158.8833612782,0.1
-2.0,,,-0.0503,,,0.7905,0.3172,naca2412,464158.8833612782,0.1
-1.0,,,-0.0466,,,0.7368,0.5829,naca2412,464158.8833612782,0.1
0.0,,,-0.0546,,,0.6648,0.7664,naca2412,464158.8833612782,0.1
1.0,,,-0.0545,,,0.5595,0.912,naca2412,464158.8833612782,0.1
2.0,,,-0.0554,,,0.508,0.9878,naca2412,464158.8833612782,0.1
3.0,,,-0.0644,,,0.4559,1.0,naca2412,464158.8833612782,0.1
4.0,,,-0.0597,,,0.3921,1.0,naca2412,464158.8833612782,0.1
-5.0,,,-0.0487,,,0.8824,0.048,naca2412,774263.6826811278,0.1
-4.0,,,-0.0484,,,0.8383,0.0486,naca2412,774263.6826811278,0.1
-3.0,,,-0.0471,,,0.789,0.1197,naca2412,774263.6826811278,0.1
-2.0,,,-0.0514,,,0.7439,0.2778,naca2412,774263.6826811278,0.1
-1.0,,,-0.0459,,,0.6895,0.4952,naca2412,774263.6826811278,0.1
0.0,,,-0.0473,,,0.6189,0.6675,naca2412,774263.6826811278,0.1
1.0,,,-0.0548,,,0.5188,0.848,naca2412,774263.6826811278,0.1
2.0,,,-0.0488,,,0.472,0.9242,naca2412,774263.6826811278,0.1
3.0,,,-0.0587,,,0.4183,0.9802,naca2412,774263.6826811278,0.1
4.0,,,-0.0643,,,0.3523,1.0,naca2412,774263.6826811278,0.1
-5.0,,,-0.0505,,,0.8443,0.0403,naca2412,1291549.6650148828,0.1
-4.0,,,-0.0528,,,0.8002,0.0407,naca2412,1291549.6650148828,0.1
-3.0,,,-0.0539,,,0.7515,0.1058,naca2412,1291549.6650148828,0.1
-2.0,,,-0.0466,,,0.7067,0.2452,naca2412,1291549.6650148828,0.1
-1.0,,,-0.0469,,,0.6523,0.3761,naca2412,1291549.6650148828,0.1
0.0,,,-0.0504,,,0.5791,0.5774,naca2412,1291549.6650148828,0.1
1.0,,,-0.0484,,,0.4868,0.7583,naca2412,1291549.6650148828,0.1
2.0,,,-0.0526,,,0.4418,0.8743,naca2412,1291549.6650148828,0.1
3.0,,,-0.0561,,,0.3852,0.9334,naca2412,1291549.6650148828,0.1
4.0,,,-0.058,,,0.3113,0.9822,naca2412,1291549.6650148828,0.1
-5.0,,,-0.056,,,0.8143,0.0344,naca2412,2154434.6900318824,0.1
-4.0,,,-0.0495,,,0.7695,0.0348,naca2412,2154434.6900318824,0.1
-3.0,,,-0.0491,,,0.7213,0.096,naca2412,2154434.6900318824,0.1
-2.0,,,-0.0482,,,0.6743,0.2018,naca2412,2154434.6900318824,0.1
-1.0,,,-0.0468,,,0.609,0.3035,naca2412,2154434.6900318824,0.1
0.0,,,-0.0467,,,0.5271,0.4505,naca2412,2154434.6900318824,0.1
1.0,,,-0.0498,,,0.4616,0.6269,naca2412,2154434.6900318824,0.1
2.0,,,-0.0564,,,0.4135,0.8052,naca2412,2154434.6900318824,0.1
3.0,,,-0.0559,,,0.3418,0.8918,naca2412,2154434.6900318824,0.1
4.0,,,-0.0619,,,0.2516,0.9408,naca2412,2154434.6900318824,0.1
-5.0,,,-0.0527,,,0.7799,0.0306,naca2412,3593813.6638046256,0.1
-4.0,,,-0.0501,,,0.7309,0.0313,naca2412,3593813.6638046256,0.1
-3.0,,,-0.0483,,,0.6813,0.0893,naca2412,3593813.6638046256,0.1
-2.0,,,-0.0474,,,0.6229,0.1573,naca2412,3593813.6638046256,0.1
-1.0,,,-0.0471,,,0.547,0.2537,naca2412,3593813.6638046256,0.1
0.0,,,-0.0497,,,0.4822,0.3524,naca2412,3593813.6638046256,0.1
1.0,,,-0.056,,,0.4394,0.5171,naca2412,3593813.6638046256,0.1
2.0,,,-0.0558,,,0.3719,0.6785,naca2412,3593813.6638046256,0.1
3.0,,,-0.0588,,,0.2848,0.827,naca2412,3593813.6638046256,0.1
4.0,,,-0.0615,,,0.1843,0.9059,naca2412,3593813.6638046256,0.1
-5.0,,,-0.052,,,0.7359,0.0283,naca2412,5994842.503189409,0.1
-4.0,,,-0.0478,,,0.6789,0.0285,naca2412,5994842.503189409,0.1
-3.0,,,-0.0489,,,0.6303,0.0824,naca2412,5994842.503189409,0.1
-2.0,,,-0.0468,,,0.5545,0.1215,naca2412,5994842.503189409,0.1
-1.0,,,-0.052,,,0.4917,0.2072,naca2412,5994842.503189409,0.1
0.0,,,-0.0545,,,0.4358,0.3,naca2412,5994842.503189409,0.1
1.0,,,-0.0568,,,0.3987,0.3875,naca2412,5994842.503189409,0.1
2.0,,,-0.0587,,,0.3213,0.5667,naca2412,5994842.503189409,0.1
3.0,,,-0.0598,,,0.2129,0.6915,naca2412,5994842.503189409,0.1
4.0,,,-0.0575,,,0.1518,0.8279,naca2412,5994842.503189409,0.1
-5.0,,,-0.053,,,0.6855,0.026,naca2412,10000000.0,0.1
-4.0,,,-0.0512,,,0.6255,0.0266,naca2412,10000000.0,0.1
-3.0,,,-0.0484,,,0.5541,0.0704,naca2412,10000000.0,0.1
-2.0,,,-0.0545,,,0.4951,0.0991,naca2412,10000000.0,0.1
-1.0,,,-0.054,,,0.4341,0.1634,naca2412,10000000.0,0.1
0.0,,,-0.058,,,0.4048,0.2455,naca2412,10000000.0,0.1
1.0,,,-0.0571,,,0.337,0.3109,naca2412,10000000.0,0.1
2.0,,,-0.059,,,0.2439,0.4278,naca2412,10000000.0,0.1
3.0,,,-0.0584,,,0.1741,0.5879,naca2412,10000000.0,0.1
4.0,,,-0.0578,,,0.1061,0.6817,naca2412,10000000.0,0.1
-5.0,,,0.2476,,,0.6507,0.1032,s1223,100000.0,0.1
-4.0,,,0.15,,,0.6072,0.1097,s1223,100000.0,0.1
-3.0,,,-0.2496,,,0.5526,0.1202,s1223,100000.0,0.1
-2.0,,,-0.3655,,,0.5407,0.1425,s1223,100000.0,0.1
-1.0,,,-0.3325,,,0.5401,0.1613,s1223,100000.0,0.1
0.0,,,-0.3458,,,0.5336,0.5103,s1223,100000.0,0.1
1.0,,,-0.331,,,0.5209,0.5155,s1223,100000.0,0.1
2.0,,,-0.346,,,0.521,0.6268,s1223,100000.0,0.1
3.0,,,-0.3493,,,0.5154,0.824,s1223,100000.0,0.1
4.0,,,-0.3633,,,0.5015,1.0,s1223,100000.0,0.1
-5.0,,,0.2822,,,0.5738,0.0633,s1223,166810.0537200059,0.1
-4.0,,,0.1013,,,0.5337,0.0729,s1223,166810.0537200059,0.1
-3.0,,,-0.3711,,,0.4838,0.0824,s1223,166810.0537200059,0.1
-2.0,,,-0.3542,,,0.4754,0.0927,s1223,166810.0537200059,0.1
-1.0,,,-0.3485,,,0.4733,0.1103,s1223,166810.0537200059,0.1
0.0,,,-0.3451,,,0.4661,0.4116,s1223,166810.0537200059,0.1
1.0,,,-0.3237,,,0.4575,0.4219,s1223,166810.0537200059,0.1
2.0,,,-0.3313,,,0.4558,0.5133,s1223,166810.0537200059,0.1
3.0,,,-0.3354,,,0.4482,0.6799,s1223,166810.0537200059,0.1
4.0,,,-0.3548,,,0.4391,1.0,s1223,166810.0537200059,0.1
-5.0,,,0.2434,,,0.5194,0.0412,s1223,278255.94022071257,0.1
-4.0,,,0.1054,,,0.4803,0.0469,s1223,278255.94022071257,0.1
-3.0,,,-0.0496,,,0.4349,0.0559,s1223,278255.94022071257,0.1
-2.0,,,-0.3515,,,0.4268,0.0645,s1223,278255.94022071257,0.1
-1.0,,,-0.3353,,,0.4239,0.0777,s1223,278255.94022071257,0.1
0.0,,,-0.3201,,,0.4186,0.3364,s1223,278255.94022071257,0.1
1.0,,,-0.334,,,0.4093,0.3538,s1223,278255.94022071257,0.1
2.0,,,-0.3275,,,0.4067,0.4337,s1223,278255.94022071257,0.1
3.0,,,-0.3282,,,0.402,0.5856,s1223,278255.94022071257,0.1
4.0,,,-0.3511,,,0.3918,1.0,s1223,278255.94022071257,0.1
-5.0,,,0.2534,,,0.4783,0.0282,s1223,464158.8833612782,0.1
-4.0,,,0.1169,,,0.4422,0.0345,s1223,464158.8833612782,0.1
-3.0,,,-0.0328,,,0.4005,0.0403,s1223,464158.8833612782,0.1
-2.0,,,-0.3487,,,0.39,0.048,s1223,464158.8833612782,0.1
-1.0,,,-0.3423,,,0.3882,0.0568,s1223,464158.8833612782,0.1
0.0,,,-0.3137,,,0.3839,0.2849,s1223,464158.8833612782,0.1
1.0,,,-0.3247,,,0.3727,0.3046,s1223,464158.8833612782,0.1
2.0,,,-0.3221,,,0.3713,0.38,s1223,464158.8833612782,0.1
3.0,,,-0.3271,,,0.3671,0.5162,s1223,464158.8833612782,0.1
4.0,,,-0.3443,,,0.3564,0.8234,s1223,464158.8833612782,0.1
-5.0,,,-0.3534,,,0.4479,0.02,s1223,774263.6826811278,0.1
-4.0,,,0.0949,,,0.4128,0.0251,s1223,774263.6826811278,0.1
-3.0,,,-0.3375,,,0.3736,0.0292,s1223,774263.6826811278,0.1
-2.0,,,-0.3468,,,0.3635,0.0363,s1223,774263.6826811278,0.1
-1.0,,,-0.3442,,,0.3616,0.042,s1223,774263.6826811278,0.1
0.0,,,-0.3194,,,0.3569,0.2526,s1223,774263.6826811278,0.1
1.0,,,-0.3193,,,0.3472,0.2711,s1223,774263.6826811278,0.1
2.0,,,-0.3206,,,0.345,0.3411,s1223,774263.6826811278,0.1
3.0,,,-0.3163,,,0.341,0.467,s1223,774263.6826811278,0.1
4.0,,,-0.3027,,,0.3313,0.7005,s1223,774263.6826811278,0.1
-5.0,,,-0.3229,,,0.4269,0.0152,s1223,1291549.6650148828,0.1
-4.0,,,-0.3421,,,0.3915,0.0191,s1223,1291549.6650148828,0.1
-3.0,,,-0.3496,,,0.3547,0.0222,s1223,1291549.6650148828,0.1
-2.0,,,-0.3443,,,0.3438,0.0282,s1223,1291549.6650148828,0.1
-1.0,,,-0.3325,,,0.3413,0.0334,s1223,1291549.6650148828,0.1
0.0,,,-0.3568,,,0.3375,0.0358,s1223,1291549.6650148828,0.1
1.0,,,-0.3232,,,0.3277,0.2468,s1223,1291549.6650148828,0.1
2.0,,,-0.3228,,,0.3252,0.3124,s1223,1291549.6650148828,0.1
3.0,,,-0.3262,,,0.322,0.4298,s1223,1291549.6650148828,0.1
4.0,,,-0.3471,,,0.3098,0.5994,s1223,1291549.6650148828,0.1
-5.0,,,-0.3244,,,0.4087,0.0122,s1223,2154434.6900318824,0.1
-4.0,,,-0.3296,,,0.3746,0.0153,s1223,2154434.6900318824,0.1
-3.0,,,-0.3256,,,0.3405,0.0179,s1223,2154434.6900318824,0.1
-2.0,,,-0.3292,,,0.3298,0.0226,s1223,2154434.6900318824,0.1
-1.0,,,-0.3029,,,0.3272,0.0272,s1223,2154434.6900318824,0.1
0.0,,,-0.3339,,,0.324,0.0293,s1223,2154434.6900318824,0.1
1.0,,,-0.339,,,0.3138,0.2286,s1223,2154434.6900318824,0.1
2.0,,,-0.3322,,,0.312,0.2925,s1223,2154434.6900318824,0.1
3.0,,,-0.3124,,,0.3076,0.398,s1223,2154434.6900318824,0.1
4.0,,,-0.3161,,,0.2925,0.5128,s1223,2154434.6900318824,0.1
-5.0,,,-0.3271,,,0.3869,0.01,s1223,3593813.6638046256,0.1
-4.0,,,-0.3319,,,0.3653,0.0127,s1223,3593813.6638046256,0.1
-3.0,,,-0.3131,,,0.3321,0.0148,s1223,3593813.6638046256,0.1
-2.0,,,-0.3378,,,0.3188,0.019,s1223,3593813.6638046256,0.1
-1.0,,,-0.3396,,,0.3181,0.0231,s1223,3593813.6638046256,0.1
0.0,,,-0.3477,,,0.3158,0.0245,s1223,3593813.6638046256,0.1
1.0,,,-0.3379,,,0.3025,0.214,s1223,3593813.6638046256,0.1
2.0,,,-0.3418,,,0.3016,0.2748,s1223,3593813.6638046256,0.1
3.0,,,-0.3462,,,0.2966,0.3478,s1223,3593813.6638046256,0.1
4.0,,,-0.3503,,,0.2836,0.4522,s1223,3593813.6638046256,0.1
-5.0,,,-0.3397,,,0.3682,0.009,s1223,5994842.503189409,0.1
-4.0,,,-0.3025,,,0.3448,0.0113,s1223,5994842.503189409,0.1
-3.0,,,-0.35,,,0.3208,0.0125,s1223,5994842.503189409,0.1
-2.0,,,-0.3197,,,0.3102,0.0166,s1223,5994842.503189409,0.1
-1.0,,,-0.329,,,0.3079,0.0205,s1223,5994842.503189409,0.1
0.0,,,-0.3456,,,0.3048,0.0213,s1223,5994842.503189409,0.1
1.0,,,-0.3447,,,0.2945,0.2031,s1223,5994842.503189409,0.1
2.0,,,-0.3407,,,0.2907,0.2636,s1223,5994842.503189409,0.1
3.0,,,-0.3461,,,0.2861,0.3159,s1223,5994842.503189409,0.1
4.0,,,-0.3512,,,0.2714,0.3839,s1223,5994842.503189409,0.1
-5.0,,,-0.3406,,,0.3515,0.0078,s1223,10000000.0,0.1
-4.0,,,-0.3338,,,0.3296,0.0099,s1223,10000000.0,0.1
-3.0,,,-0.3494,,,0.3179,0.0112,s1223,10000000.0,0.1
-2.0,,,-0.3441,,,0.3032,0.0153,s1223,10000000.0,0.1
-1.0,,,-0.3506,,,0.3028,0.0185,s1223,10000000.0,0.1
0.0,,,-0.3501,,,0.3016,0.0189,s1223,10000000.0,0.1
1.0,,,-0.3576,,,0.287,0.1952,s1223,10000000.0,0.1
2.0,,,-0.346,,,0.2849,0.2449,s1223,10000000.0,0.1
3.0,,,-0.3261,,,0.2819,0.2896,s1223,10000000.0,0.1
4.0,,,-0.3648,,,0.2712,0.3453,s1223,10000000.0,0.1
-5.0,,,0.2015,,,1.0,0.1119,naca23012,100000.0,0.1
-4.0,,,-0.0116,,,1.0,0.115,naca23012,100000.0,0.1
-3.0,,,-0.01,,,1.0,0.1512,naca23012,100000.0,0.1
-2.0,,,-0.0143,,,1.0,0.183,naca23012,100000.0,0.1
-1.0,,,-0.0244,,,0.8997,1.0,naca23012,100000.0,0.1
0.0,,,-0.0266,,,0.7661,1.0,naca23012,100000.0,0.1
1.0,,,-0.0323,,,0.625,1.0,naca23012,100000.0,0.1
2.0,,,-0.0356,,,0.423,1.0,naca23012,100000.0,0.1
3.0,,,-0.0373,,,0.3893,1.0,naca23012,100000.0,0.1
4.0,,,-0.0375,,,0.3644,1.0,naca23012,100000.0,0.1
-5.0,,,0.2444,,,1.0,0.0775,naca23012,166810.0537200059,0.1
-4.0,,,0.0048,,,1.0,0.0826,naca23012,166810.0537200059,0.1
-3.0,,,-0.0022,,,1.0,0.1091,naca23012,166810.0537200059,0.1
-2.0,,,-0.0163,,,0.8989,0.1347,naca23012,166810.0537200059,0.1
-1.0,,,-0.0094,,,0.7839,0.8512,naca23012,166810.0537200059,0.1
0.0,,,-0.012,,,0.6618,0.9994,naca23012,166810.0537200059,0.1
1.0,,,-0.0218,,,0.5329,1.0,naca23012,166810.0537200059,0.1
2.0,,,-0.0247,,,0.3531,1.0,naca23012,166810.0537200059,0.1
3.0,,,-0.0287,,,0.3226,1.0,naca23012,166810.0537200059,0.1
4.0,,,-0.0254,,,0.2998,1.0,naca23012,166810.0537200059,0.1
-5.0,,,-0.0037,,,1.0,0.0556,naca23012,278255.94022071257,0.1
-4.0,,,-0.0017,,,0.9875,0.0617,naca23012,278255.94022071257,0.1
-3.0,,,-0.0215,,,0.9066,0.0795,naca23012,278255.94022071257,0.1
-2.0,,,-0.0092,,,0.8047,0.1037,naca23012,278255.94022071257,0.1
-1.0,,,-0.0071,,,0.7006,0.7525,naca23012,278255.94022071257,0.1
0.0,,,-0.0005,,,0.5856,0.9005,naca23012,278255.94022071257,0.1
1.0,,,-0.0086,,,0.4665,0.977,naca23012,278255.94022071257,0.1
2.0,,,-0.0215,,,0.3045,1.0,naca23012,278255.94022071257,0.1
3.0,,,-0.0263,,,0.2755,1.0,naca23012,278255.94022071257,0.1
4.0,,,-0.0234,,,0.2551,1.0,naca23012,278255.94022071257,0.1
-5.0,,,-0.0023,,,0.9731,0.0427,naca23012,464158.8833612782,0.1
-4.0,,,-0.0132,,,0.912,0.0464,naca23012,464158.8833612782,0.1
-3.0,,,-0.0081,,,0.8262,0.0615,naca23012,464158.8833612782,0.1
-2.0,,,-0.0048,,,0.7377,0.0828,naca23012,464158.8833612782,0.1
-1.0,,,-0.0053,,,0.6383,0.6779,naca23012,464158.8833612782,0.1
0.0,,,-0.011,,,0.53,0.8109,naca23012,464158.8833612782,0.1
1.0,,,0.0039,,,0.4171,0.9053,naca23012,464158.8833612782,0.1
2.0,,,-0.0099,,,0.2693,0.9641,naca23012,464158.8833612782,0.1
3.0,,,-0.0271,,,0.2417,1.0,naca23012,464158.8833612782,0.1
4.0,,,-0.0265,,,0.223,1.0,naca23012,464158.8833612782,0.1
-5.0,,,-0.0135,,,0.9172,0.0336,naca23012,774263.6826811278,0.1
-4.0,,,-0.0121,,,0.8521,0.0361,naca23012,774263.6826811278,0.1
-3.0,,,-0.0154,,,0.7711,0.049,naca23012,774263.6826811278,0.1
-2.0,,,-0.0156,,,0.6861,0.0658,naca23012,774263.6826811278,0.1
-1.0,,,-0.0079,,,0.5898,0.6149,naca23012,774263.6826811278,0.1
0.0,,,-0.0021,,,0.4846,0.7515,naca23012,774263.6826811278,0.1
1.0,,,-0.0074,,,0.3782,0.8514,naca23012,774263.6826811278,0.1
2.0,,,-0.0057,,,0.2453,0.9071,naca23012,774263.6826811278,0.1
3.0,,,-0.005,,,0.2167,0.9524,naca23012,774263.6826811278,0.1
4.0,,,-0.0208,,,0.2001,0.9934,naca23012,774263.6826811278,0.1
-5.0,,,-0.0111,,,0.8726,0.0274,naca23012,1291549.6650148828,0.1
-4.0,,,-0.0165,,,0.8025,0.0292,naca23012,1291549.6650148828,0.1
-3.0,,,-0.0159,,,0.7222,0.0401,naca23012,1291549.6650148828,0.1
-2.0,,,-0.0105,,,0.633,0.0556,naca23012,1291549.6650148828,0.1
-1.0,,,-0.0089,,,0.5318,0.5034,naca23012,1291549.6650148828,0.1
0.0,,,-0.0093,,,0.4336,0.6927,naca23012,1291549.6650148828,0.1
1.0,,,-0.0141,,,0.3284,0.8055,naca23012,1291549.6650148828,0.1
2.0,,,-0.011,,,0.2267,0.8641,naca23012,1291549.6650148828,0.1
3.0,,,-0.014,,,0.1999,0.9082,naca23012,1291549.6650148828,0.1
4.0,,,-0.0066,,,0.1839,0.9503,naca23012,1291549.6650148828,0.1
-5.0,,,-0.0093,,,0.8323,0.0231,naca23012,2154434.6900318824,0.1
-4.0,,,-0.0153,,,0.7432,0.0246,naca23012,2154434.6900318824,0.1
-3.0,,,-0.0144,,,0.652,0.0343,naca23012,2154434.6900318824,0.1
-2.0,,,-0.0125,,,0.5564,0.0489,naca23012,2154434.6900318824,0.1
-1.0,,,-0.0087,,,0.4638,0.3712,naca23012,2154434.6900318824,0.1
0.0,,,-0.0056,,,0.3662,0.6034,naca23012,2154434.6900318824,0.1
1.0,,,-0.0038,,,0.2752,0.7442,naca23012,2154434.6900318824,0.1
2.0,,,-0.0082,,,0.2141,0.8295,naca23012,2154434.6900318824,0.1
3.0,,,-0.0147,,,0.1859,0.8738,naca23012,2154434.6900318824,0.1
4.0,,,-0.012,,,0.1705,0.9167,naca23012,2154434.6900318824,0.1
-5.0,,,-0.0109,,,0.7484,0.0203,naca23012,3593813.6638046256,0.1
-4.0,,,-0.0145,,,0.6631,0.0211,naca23012,3593813.6638046256,0.1
-3.0,,,-0.0128,,,0.5683,0.0301,naca23012,3593813.6638046256,0.1
-2.0,,,-0.0123,,,0.4853,0.0445,naca23012,3593813.6638046256,0.1
-1.0,,,-0.0079,,,0.3911,0.0948,naca23012,3593813.6638046256,0.1
0.0,,,-0.0089,,,0.3127,0.5039,naca23012,3593813.6638046256,0.1
1.0,,,-0.0093,,,0.2463,0.664,naca23012,3593813.6638046256,0.1
2.0,,,-0.0104,,,0.2009,0.792,naca23012,3593813.6638046256,0.1
3.0,,,-0.0106,,,0.1771,0.8435,naca23012,3593813.6638046256,0.1
4.0,,,-0.015,,,0.1607,0.8876,naca23012,3593813.6638046256,0.1
-5.0,,,-0.0085,,,0.6648,0.0179,naca23012,5994842.503189409,0.1
-4.0,,,-0.0112,,,0.5789,0.0186,naca23012,5994842.503189409,0.1
-3.0,,,-0.0136,,,0.4939,0.0276,naca23012,5994842.503189409,0.1
-2.0,,,-0.0106,,,0.4109,0.0398,naca23012,5994842.503189409,0.1
-1.0,,,-0.0085,,,0.3205,0.0783,naca23012,5994842.503189409,0.1
0.0,,,-0.0081,,,0.2577,0.405,naca23012,5994842.503189409,0.1
1.0,,,-0.0047,,,0.2184,0.5591,naca23012,5994842.503189409,0.1
2.0,,,-0.0145,,,0.1973,0.7101,naca23012,5994842.503189409,0.1
3.0,,,-0.0173,,,0.1702,0.7795,naca23012,5994842.503189409,0.1
4.0,,,-0.0156,,,0.1551,0.8485,naca23012,5994842.503189409,0.1
-5.0,,,-0.0027,,,0.5544,0.0164,naca23012,10000000.0,0.1
-4.0,,,-0.0058,,,0.4901,0.0176,naca23012,10000000.0,0.1
-3.0,,,-0.0068,,,0.4025,0.025,naca23012,10000000.0,0.1
-2.0,,,-0.0118,,,0.3422,0.0377,naca23012,10000000.0,0.1
-1.0,,,-0.0094,,,0.2805,0.0596,naca23012,10000000.0,0.1
0.0,,,-0.0097,,,0.2323,0.265,naca23012,10000000.0,0.1
1.0,,,-0.0122,,,0.1965,0.4696,naca23012,10000000.0,0.1
2.0,,,-0.0143,,,0.1978,0.62,naca23012,10000000.0,0.1
3.0,,,-0.0151,,,0.1683,0.7146,naca23012,10000000.0,0.1
4.0,,,-0.0154,,,0.15,0.7819,naca23012,10000000.0,0.1
-5.0,,,-0.0878,,,1.0,0.2277,naca4415,100000.0,0.1
-4.0,,,-0.1077,,,1.0,0.2579,naca4415,100000.0,0.1
-3.0,,,-0.1099,,,0.9491,0.3101,naca4415,100000.0,0.1
-2.0,,,-0.1083,,,0.8799,0.3785,naca4415,100000.0,0.1
-1.0,,,-0.1052,,,0.822,0.4991,naca4415,100000.0,0.1
0.0,,,-0.1248,,,0.7714,0.9532,naca4415,100000.0,0.1
1.0,,,-0.1352,,,0.7355,1.0,naca4415,100000.0,0.1
2.0,,,-0.1331,,,0.6996,1.0,naca4415,100000.0,0.1
3.0,,,-0.1139,,,0.6704,1.0,naca4415,100000.0,0.1
4.0,,,-0.127,,,0.6287,1.0,naca4415,100000.0,0.1
-5.0,,,-0.0983,,,0.9414,0.1743,naca4415,166810.0537200059,0.1
-4.0,,,-0.097,,,0.8973,0.2025,naca4415,166810.0537200059,0.1
-3.0,,,-0.0934,,,0.8451,0.2457,naca4415,166810.0537200059,0.1
-2.0,,,-0.0949,,,0.7817,0.3037,naca4415,166810.0537200059,0.1
-1.0,,,-0.1069,,,0.7262,0.4094,naca4415,166810.0537200059,0.1
0.0,,,-0.1065,,,0.6816,0.8199,naca4415,166810.0537200059,0.1
1.0,,,-0.1329,,,0.6468,1.0,naca4415,166810.0537200059,0.1
2.0,,,-0.1333,,,0.6136,1.0,naca4415,166810.0537200059,0.1
3.0,,,-0.1184,,,0.5837,1.0,naca4415,166810.0537200059,0.1
4.0,,,-0.1342,,,0.5436,1.0,naca4415,166810.0537200059,0.1
-5.0,,,-0.1271,,,0.8613,0.1365,naca4415,278255.94022071257,0.1
-4.0,,,-0.1029,,,0.8213,0.1645,naca4415,278255.94022071257,0.1
-3.0,,,-0.1025,,,0.77,0.2019,naca4415,278255.94022071257,0.1
-2.0,,,-0.1005,,,0.7096,0.2533,naca4415,278255.94022071257,0.1
-1.0,,,-0.1001,,,0.6576,0.3476,naca4415,278255.94022071257,0.1
0.0,,,-0.1023,,,0.6156,0.718,naca4415,278255.94022071257,0.1
1.0,,,-0.1045,,,0.5817,0.9463,naca4415,278255.94022071257,0.1
2.0,,,-0.114,,,0.5489,1.0,naca4415,278255.94022071257,0.1
3.0,,,-0.1171,,,0.5206,1.0,naca4415,278255.94022071257,0.1
4.0,,,-0.1104,,,0.4815,1.0,naca4415,278255.94022071257,0.1
-5.0,,,-0.1055,,,0.8019,0.1113,naca4415,464158.8833612782,0.1
-4.0,,,-0.1026,,,0.7645,0.1358,naca4415,464158.8833612782,0.1
-3.0,,,-0.1046,,,0.7138,0.171,naca4415,464158.8833612782,0.1
-2.0,,,-0.1008,,,0.657,0.2181,naca4415,464158.8833612782,0.1
-1.0,,,-0.0956,,,0.6076,0.3032,naca4415,464158.8833612782,0.1
0.0,,,-0.0924,,,0.5679,0.6366,naca4415,464158.8833612782,0.1
1.0,,,-0.1051,,,0.535,0.85,naca4415,464158.8833612782,0.1
2.0,,,-0.1133,,,0.5017,0.9903,naca4415,464158.8833612782,0.1
3.0,,,-0.1044,,,0.4743,1.0,naca4415,464158.8833612782,0.1
4.0,,,-0.1074,,,0.4318,1.0,naca4415,464158.8833612782,0.1
-5.0,,,-0.1082,,,0.7563,0.0943,naca4415,774263.6826811278,0.1
-4.0,,,-0.0984,,,0.721,0.1141,naca4415,774263.6826811278,0.1
-3.0,,,-0.0927,,,0.671,0.1506,naca4415,774263.6826811278,0.1
-2.0,,,-0.0914,,,0.6171,0.1923,naca4415,774263.6826811278,0.1
-1.0,,,-0.0917,,,0.5698,0.272,naca4415,774263.6826811278,0.1
0.0,,,-0.092,,,0.532,0.4643,naca4415,774263.6826811278,0.1
1.0,,,-0.0897,,,0.4993,0.7299,naca4415,774263.6826811278,0.1
2.0,,,-0.0939,,,0.4657,0.9196,naca4415,774263.6826811278,0.1
3.0,,,-0.1118,,,0.4387,1.0,naca4415,774263.6826811278,0.1
4.0,,,-0.1083,,,0.3997,1.0,naca4415,774263.6826811278,0.1
-5.0,,,-0.0989,,,0.7219,0.0796,naca4415,1291549.6650148828,0.1
-4.0,,,-0.0921,,,0.6875,0.1002,naca4415,1291549.6650148828,0.1
-3.0,,,-0.0893,,,0.6395,0.1347,naca4415,1291549.6650148828,0.1
-2.0,,,-0.0893,,,0.5881,0.1741,naca4415,1291549.6650148828,0.1
-1.0,,,-0.0829,,,0.5417,0.2484,naca4415,1291549.6650148828,0.1
0.0,,,-0.0816,,,0.5056,0.3449,naca4415,1291549.6650148828,0.1
1.0,,,-0.1069,,,0.4721,0.6191,naca4415,1291549.6650148828,0.1
2.0,,,-0.0887,,,0.4389,0.8097,naca4415,1291549.6650148828,0.1
3.0,,,-0.1131,,,0.4089,0.9648,naca4415,1291549.6650148828,0.1
4.0,,,-0.1141,,,0.3745,1.0,naca4415,1291549.6650148828,0.1
-5.0,,,-0.1001,,,0.6979,0.0705,naca4415,2154434.6900318824,0.1
-4.0,,,-0.1026,,,0.6662,0.0903,naca4415,2154434.6900318824,0.1
-3.0,,,-0.0924,,,0.6131,0.1229,naca4415,2154434.6900318824,0.1
-2.0,,,-0.0909,,,0.5626,0.161,naca4415,2154434.6900318824,0.1
-1.0,,,-0.0995,,,0.5211,0.2295,naca4415,2154434.6900318824,0.1
0.0,,,-0.0986,,,0.4852,0.2886,naca4415,2154434.6900318824,0.1
1.0,,,-0.0997,,,0.453,0.4358,naca4415,2154434.6900318824,0.1
2.0,,,-0.0954,,,0.4194,0.6808,naca4415,2154434.6900318824,0.1
3.0,,,-0.1045,,,0.3886,0.8686,naca4415,2154434.6900318824,0.1
4.0,,,-0.1087,,,0.3548,0.9834,naca4415,2154434.6900318824,0.1
-5.0,,,-0.0999,,,0.6691,0.064,naca4415,3593813.6638046256,0.1
-4.0,,,-0.0996,,,0.6294,0.0837,naca4415,3593813.6638046256,0.1
-3.0,,,-0.0978,,,0.5797,0.1114,naca4415,3593813.6638046256,0.1
-2.0,,,-0.1027,,,0.5415,0.1511,naca4415,3593813.6638046256,0.1
-1.0,,,-0.102,,,0.5042,0.2106,naca4415,3593813.6638046256,0.1
0.0,,,-0.0968,,,0.468,0.2585,naca4415,3593813.6638046256,0.1
1.0,,,-0.0914,,,0.4354,0.3344,naca4415,3593813.6638046256,0.1
2.0,,,-0.1114,,,0.407,0.544,naca4415,3593813.6638046256,0.1
3.0,,,-0.0962,,,0.3653,0.7193,naca4415,3593813.6638046256,0.1
4.0,,,-0.1124,,,0.3314,0.9003,naca4415,3593813.6638046256,0.1
-5.0,,,-0.0983,,,0.6296,0.0626,naca4415,5994842.503189409,0.1
-4.0,,,-0.0998,,,0.5818,0.0775,naca4415,5994842.503189409,0.1
-3.0,,,-0.0912,,,0.5508,0.1056,naca4415,5994842.503189409,0.1
-2.0,,,-0.1006,,,0.509,0.135,naca4415,5994842.503189409,0.1
-1.0,,,-0.0962,,,0.4685,0.1769,naca4415,5994842.503189409,0.1
0.0,,,-0.0864,,,0.4405,0.2289,naca4415,5994842.503189409,0.1
1.0,,,-0.087,,,0.4091,0.2875,naca4415,5994842.503189409,0.1
2.0,,,-0.1009,,,0.3636,0.3853,naca4415,5994842.503189409,0.1
3.0,,,-0.1046,,,0.3382,0.5857,naca4415,5994842.503189409,0.1
4.0,,,-0.1144,,,0.3122,0.7309,naca4415,5994842.503189409,0.1
-5.0,,,-0.0978,,,0.5694,0.0499,naca4415,10000000.0,0.1
-4.0,,,-0.1009,,,0.5425,0.068,naca4415,10000000.0,0.1
-3.0,,,-0.0906,,,0.5115,0.0942,naca4415,10000000.0,0.1
-2.0,,,-0.0989,,,0.4674,0.1196,naca4415,10000000.0,0.1
-1.0,,,-0.0992,,,0.4313,0.1554,naca4415,10000000.0,0.1
0.0,,,-0.0905,,,0.4167,0.1968,naca4415,10000000.0,0.1
1.0,,,-0.0953,,,0.3764,0.2506,naca4415,10000000.0,0.1
2.0,,,-0.1096,,,0.3281,0.3172,naca4415,10000000.0,0.1
3.0,,,-0.1091,,,0.2948,0.4257,naca4415,10000000.0,0.1
4.0,,,-0.1152,,,0.2609,0.5856,naca4415,10000000.0,0.1
-5.0,,,0.7807,,,1.0,0.0891,sd7037,100000.0,0.1
-4.0,,,0.2144,,,1.0,0.0808,sd7037,100000.0,0.1
-3.0,,,-0.1003,,,1.0,0.0922,sd7037,100000.0,0.1
-2.0,,,-0.076,,,1.0,0.1047,sd7037,100000.0,0.1
-1.0,,,-0.0796,,,1.0,1.0,sd7037,100000.0,0.1
0.0,,,-0.0908,,,0.9429,1.0,sd7037,100000.0,0.1
1.0,,,-0.0938,,,0.851,1.0,sd7037,100000.0,0.1
2.0,,,-0.0851,,,0.7521,1.0,sd7037,100000.0,0.1
3.0,,,-0.0807,,,0.6519,1.0,sd7037,100000.0,0.1
4.0,,,-0.0786,,,0.5432,1.0,sd7037,100000.0,0.1
-5.0,,,0.5368,,,1.0,0.0572,sd7037,166810.0537200059,0.1
-4.0,,,0.3306,,,1.0,0.0533,sd7037,166810.0537200059,0.1
-3.0,,,-0.0955,,,1.0,0.0649,sd7037,166810.0537200059,0.1
-2.0,,,-0.1009,,,0.9967,0.0683,sd7037,166810.0537200059,0.1
-1.0,,,-0.0964,,,0.9177,0.8837,sd7037,166810.0537200059,0.1
0.0,,,-0.0844,,,0.8304,1.0,sd7037,166810.0537200059,0.1
1.0,,,-0.079,,,0.7433,1.0,sd7037,166810.0537200059,0.1
2.0,,,-0.0777,,,0.6503,1.0,sd7037,166810.0537200059,0.1
3.0,,,-0.0771,,,0.5596,1.0,sd7037,166810.0537200059,0.1
4.0,,,-0.0783,,,0.4592,1.0,sd7037,166810.0537200059,0.1
-5.0,,,0.5372,,,1.0,0.0385,sd7037,278255.94022071257,0.1
-4.0,,,0.3973,,,1.0,0.0348,sd7037,278255.94022071257,0.1
-3.0,,,-0.0887,,,0.9719,0.0398,sd7037,278255.94022071257,0.1
-2.0,,,-0.0895,,,0.9069,0.046,sd7037,278255.94022071257,0.1
-1.0,,,-0.0818,,,0.832,0.7457,sd7037,278255.94022071257,0.1
0.0,,,-0.0793,,,0.7484,0.9484,sd7037,278255.94022071257,0.1
1.0,,,-0.0769,,,0.6643,1.0,sd7037,278255.94022071257,0.1
2.0,,,-0.0765,,,0.577,1.0,sd7037,278255.94022071257,0.1
3.0,,,-0.0775,,,0.4936,1.0,sd7037,278255.94022071257,0.1
4.0,,,-0.0778,,,0.3989,1.0,sd7037,278255.94022071257,0.1
-5.0,,,0.543,,,0.973,0.0231,sd7037,464158.8833612782,0.1
-4.0,,,0.4497,,,0.9439,0.0235,sd7037,464158.8833612782,0.1
-3.0,,,-0.0854,,,0.9021,0.0278,sd7037,464158.8833612782,0.1
-2.0,,,-0.0799,,,0.8398,0.0311,sd7037,464158.8833612782,0.1
-1.0,,,-0.0796,,,0.7673,0.5909,sd7037,464158.8833612782,0.1
0.0,,,-0.0774,,,0.6876,0.8624,sd7037,464158.8833612782,0.1
1.0,,,-0.0765,,,0.606,1.0,sd7037,464158.8833612782,0.1
2.0,,,-0.0769,,,0.5235,1.0,sd7037,464158.8833612782,0.1
3.0,,,-0.0789,,,0.4449,1.0,sd7037,464158.8833612782,0.1
4.0,,,-0.079,,,0.355,1.0,sd7037,464158.8833612782,0.1
-5.0,,,0.6349,,,0.9209,0.0154,sd7037,774263.6826811278,0.1
-4.0,,,0.2908,,,0.8923,0.0164,sd7037,774263.6826811278,0.1
-3.0,,,-0.0811,,,0.8501,0.021,sd7037,774263.6826811278,0.1
-2.0,,,-0.0792,,,0.7895,0.022,sd7037,774263.6826811278,0.1
-1.0,,,-0.078,,,0.719,0.0274,sd7037,774263.6826811278,0.1
0.0,,,-0.078,,,0.641,0.7908,sd7037,774263.6826811278,0.1
1.0,,,-0.0774,,,0.5618,0.9373,sd7037,774263.6826811278,0.1
2.0,,,-0.0783,,,0.4817,1.0,sd7037,774263.6826811278,0.1
3.0,,,-0.0798,,,0.4067,1.0,sd7037,774263.6826811278,0.1
4.0,,,-0.0809,,,0.3207,1.0,sd7037,774263.6826811278,0.1
-5.0,,,0.5442,,,0.8815,0.0124,sd7037,1291549.6650148828,0.1
-4.0,,,-0.0801,,,0.8521,0.0114,sd7037,1291549.6650148828,0.1
-3.0,,,-0.0791,,,0.809,0.0146,sd7037,1291549.6650148828,0.1
-2.0,,,-0.0788,,,0.7491,0.0161,sd7037,1291549.6650148828,0.1
-1.0,,,-0.0793,,,0.6777,0.0202,sd7037,1291549.6650148828,0.1
0.0,,,-0.0777,,,0.6014,0.6806,sd7037,1291549.6650148828,0.1
1.0,,,-0.0763,,,0.5251,0.8661,sd7037,1291549.6650148828,0.1
2.0,,,-0.0785,,,0.4491,1.0,sd7037,1291549.6650148828,0.1
3.0,,,-0.083,,,0.3748,1.0,sd7037,1291549.6650148828,0.1
4.0,,,-0.0815,,,0.2912,1.0,sd7037,1291549.6650148828,0.1
-5.0,,,-0.0794,,,0.8508,0.0084,sd7037,2154434.6900318824,0.1
-4.0,,,-0.0799,,,0.821,0.0085,sd7037,2154434.6900318824,0.1
-3.0,,,-0.0798,,,0.7737,0.0114,sd7037,2154434.6900318824,0.1
-2.0,,,-0.0802,,,0.7076,0.0123,sd7037,2154434.6900318824,0.1
-1.0,,,-0.0803,,,0.6303,0.0159,sd7037,2154434.6900318824,0.1
0.0,,,-0.081,,,0.5546,0.4994,sd7037,2154434.6900318824,0.1
1.0,,,-0.0812,,,0.4776,0.7613,sd7037,2154434.6900318824,0.1
2.0,,,-0.0819,,,0.4041,0.9151,sd7037,2154434.6900318824,0.1
3.0,,,-0.0814,,,0.3275,1.0,sd7037,2154434.6900318824,0.1
4.0,,,-0.0839,,,0.2564,1.0,sd7037,2154434.6900318824,0.1
-5.0,,,-0.0785,,,0.8236,0.0064,sd7037,3593813.6638046256,0.1
-4.0,,,-0.0779,,,0.7763,0.0067,sd7037,3593813.6638046256,0.1
-3.0,,,-0.0788,,,0.7128,0.0091,sd7037,3593813.6638046256,0.1
-2.0,,,-0.0787,,,0.6393,0.0099,sd7037,3593813.6638046256,0.1
-1.0,,,-0.0795,,,0.5668,0.0132,sd7037,3593813.6638046256,0.1
0.0,,,-0.0806,,,0.4943,0.3403,sd7037,3593813.6638046256,0.1
1.0,,,-0.0783,,,0.4184,0.6223,sd7037,3593813.6638046256,0.1
2.0,,,-0.0802,,,0.3487,0.8008,sd7037,3593813.6638046256,0.1
3.0,,,-0.0827,,,0.2796,0.96,sd7037,3593813.6638046256,0.1
4.0,,,-0.0819,,,0.2068,1.0,sd7037,3593813.6638046256,0.1
-5.0,,,-0.0784,,,0.7813,0.0057,sd7037,5994842.503189409,0.1
-4.0,,,-0.0781,,,0.7146,0.0058,sd7037,5994842.503189409,0.1
-3.0,,,-0.0788,,,0.6443,0.0082,sd7037,5994842.503189409,0.1
-2.0,,,-0.0779,,,0.565,0.0084,sd7037,5994842.503189409,0.1
-1.0,,,-0.0796,,,0.4983,0.0114,sd7037,5994842.503189409,0.1
0.0,,,-0.079,,,0.4326,0.2257,sd7037,5994842.503189409,0.1
1.0,,,-0.0785,,,0.3635,0.4785,sd7037,5994842.503189409,0.1
2.0,,,-0.0826,,,0.3029,0.6621,sd7037,5994842.503189409,0.1
3.0,,,-0.0814,,,0.2387,0.8227,sd7037,5994842.503189409,0.1
4.0,,,-0.0836,,,0.1691,0.9753,sd7037,5994842.503189409,0.1
-5.0,,,-0.0777,,,0.7029,0.0046,sd7037,10000000.0,0.1
-4.0,,,-0.0777,,,0.6344,0.0047,sd7037,10000000.0,0.1
-3.0,,,-0.0779,,,0.5709,0.0068,sd7037,10000000.0,0.1
-2.0,,,-0.0779,,,0.4987,0.0073,sd7037,10000000.0,0.1
-1.0,,,-0.0788,,,0.4347,0.0099,sd7037,10000000.0,0.1
0.0,,,-0.0805,,,0.3733,0.1529,sd7037,10000000.0,0.1
1.0,,,-0.0801,,,0.3129,0.3542,sd7037,10000000.0,0.1
2.0,,,-0.0789,,,0.2539,0.5246,sd7037,10000000.0,0.1
3.0,,,-0.0792,,,0.2035,0.6853,sd7037,10000000.0,0.1
4.0,,,-0.0793,,,0.1354,0.8219,sd7037,10000000.0,0.1
-5.0,,,0.7673,,,1.0,0.1046,s3021,100000.0,0.1
-4.0,,,0.4794,,,1.0,0.1232,s3021,100000.0,0.1
-3.0,,,0.1189,,,0.9742,0.0998,s3021,100000.0,0.1
-2.0,,,-0.0766,,,0.9373,0.1102,s3021,100000.0,0.1
-1.0,,,-0.0778,,,0.8992,1.0,s3021,100000.0,0.1
0.0,,,-0.0867,,,0.8615,1.0,s3021,100000.0,0.1
1.0,,,-0.0874,,,0.821,1.0,s3021,100000.0,0.1
2.0,,,-0.0774,,,0.7707,1.0,s3021,100000.0,0.1
3.0,,,-0.0795,,,0.7073,1.0,s3021,100000.0,0.1
4.0,,,-0.081,,,0.6377,1.0,s3021,100000.0,0.1
-5.0,,,0.7162,,,0.9584,0.0608,s3021,166810.0537200059,0.1
-4.0,,,0.4756,,,0.9015,0.0684,s3021,166810.0537200059,0.1
-3.0,,,0.2122,,,0.8663,0.0655,s3021,166810.0537200059,0.1
-2.0,,,-0.0664,,,0.8293,0.0737,s3021,166810.0537200059,0.1
-1.0,,,-0.062,,,0.7942,0.0822,s3021,166810.0537200059,0.1
0.0,,,-0.0723,,,0.7594,1.0,s3021,166810.0537200059,0.1
1.0,,,-0.0708,,,0.7184,1.0,s3021,166810.0537200059,0.1
2.0,,,-0.0693,,,0.6699,1.0,s3021,166810.0537200059,0.1
3.0,,,-0.0661,,,0.6113,1.0,s3021,166810.0537200059,0.1
4.0,,,-0.0593,,,0.5454,1.0,s3021,166810.0537200059,0.1
-5.0,,,0.7406,,,0.8736,0.0385,s3021,278255.94022071257,0.1
-4.0,,,0.493,,,0.8217,0.0431,s3021,278255.94022071257,0.1
-3.0,,,0.292,,,0.785,0.0424,s3021,278255.94022071257,0.1
-2.0,,,-0.0574,,,0.7511,0.0483,s3021,278255.94022071257,0.1
-1.0,,,-0.0559,,,0.7173,0.0523,s3021,278255.94022071257,0.1
0.0,,,-0.0611,,,0.6827,1.0,s3021,278255.94022071257,0.1
1.0,,,-0.0613,,,0.6419,1.0,s3021,278255.94022071257,0.1
2.0,,,-0.0611,,,0.598,1.0,s3021,278255.94022071257,0.1
3.0,,,-0.058,,,0.5415,1.0,s3021,278255.94022071257,0.1
4.0,,,-0.0588,,,0.4791,1.0,s3021,278255.94022071257,0.1
-5.0,,,0.7447,,,0.8116,0.0257,s3021,464158.8833612782,0.1
-4.0,,,0.4958,,,0.7604,0.0277,s3021,464158.8833612782,0.1
-3.0,,,0.2194,,,0.7261,0.0302,s3021,464158.8833612782,0.1
-2.0,,,-0.0565,,,0.6937,0.0276,s3021,464158.8833612782,0.1
-1.0,,,-0.055,,,0.6605,0.0362,s3021,464158.8833612782,0.1
0.0,,,-0.0552,,,0.625,0.983,s3021,464158.8833612782,0.1
1.0,,,-0.0593,,,0.5868,1.0,s3021,464158.8833612782,0.1
2.0,,,-0.0593,,,0.545,1.0,s3021,464158.8833612782,0.1
3.0,,,-0.0592,,,0.4907,1.0,s3021,464158.8833612782,0.1
4.0,,,-0.0594,,,0.4302,1.0,s3021,464158.8833612782,0.1
-5.0,,,0.7499,,,0.7652,0.018,s3021,774263.6826811278,0.1
-4.0,,,0.521,,,0.7146,0.0171,s3021,774263.6826811278,0.1
-3.0,,,-0.0566,,,0.6824,0.02,s3021,774263.6826811278,0.1
-2.0,,,-0.0556,,,0.651,0.0195,s3021,774263.6826811278,0.1
-1.0,,,-0.0552,,,0.6175,0.0267,s3021,774263.6826811278,0.1
0.0,,,-0.0549,,,0.5826,0.0281,s3021,774263.6826811278,0.1
1.0,,,-0.0613,,,0.5461,1.0,s3021,774263.6826811278,0.1
2.0,,,-0.0637,,,0.5055,1.0,s3021,774263.6826811278,0.1
3.0,,,-0.0682,,,0.4523,1.0,s3021,774263.6826811278,0.1
4.0,,,-0.0683,,,0.394,1.0,s3021,774263.6826811278,0.1
-5.0,,,0.7537,,,0.729,0.013,s3021,1291549.6650148828,0.1
-4.0,,,-0.0565,,,0.6814,0.0134,s3021,1291549.6650148828,0.1
-3.0,,,0.2591,,,0.6497,0.0154,s3021,1291549.6650148828,0.1
-2.0,,,-0.0557,,,0.6179,0.0143,s3021,1291549.6650148828,0.1
-1.0,,,-0.0561,,,0.5839,0.0197,s3021,1291549.6650148828,0.1
0.0,,,-0.0561,,,0.5513,0.0209,s3021,1291549.6650148828,0.1
1.0,,,-0.0561,,,0.5145,0.9792,s3021,1291549.6650148828,0.1
2.0,,,-0.0688,,,0.4743,1.0,s3021,1291549.6650148828,0.1
3.0,,,-0.0638,,,0.4238,1.0,s3021,1291549.6650148828,0.1
4.0,,,-0.0693,,,0.356,1.0,s3021,1291549.6650148828,0.1
-5.0,,,0.8273,,,0.7015,0.0101,s3021,2154434.6900318824,0.1
-4.0,,,0.4532,,,0.655,0.0113,s3021,2154434.6900318824,0.1
-3.0,,,0.2491,,,0.6246,0.0116,s3021,2154434.6900318824,0.1
-2.0,,,-0.0563,,,0.5927,0.0114,s3021,2154434.6900318824,0.1
-1.0,,,-0.0567,,,0.5586,0.0155,s3021,2154434.6900318824,0.1
0.0,,,-0.0564,,,0.5261,0.0168,s3021,2154434.6900318824,0.1
1.0,,,-0.0555,,,0.4904,0.7885,s3021,2154434.6900318824,0.1
2.0,,,-0.057,,,0.4481,0.9856,s3021,2154434.6900318824,0.1
3.0,,,-0.0685,,,0.3885,1.0,s3021,2154434.6900318824,0.1
4.0,,,-0.0686,,,0.2901,1.0,s3021,2154434.6900318824,0.1
-5.0,,,-0.0562,,,0.6836,0.0087,s3021,3593813.6638046256,0.1
-4.0,,,-0.0564,,,0.6361,0.0088,s3021,3593813.6638046256,0.1
-3.0,,,-0.0566,,,0.6033,0.0089,s3021,3593813.6638046256,0.1
-2.0,,,-0.0559,,,0.5699,0.0089,s3021,3593813.6638046256,0.1
-1.0,,,-0.0555,,,0.5383,0.0131,s3021,3593813.6638046256,0.1
0.0,,,-0.0569,,,0.5065,0.0134,s3021,3593813.6638046256,0.1
1.0,,,-0.0575,,,0.4623,0.5272,s3021,3593813.6638046256,0.1
2.0,,,-0.0559,,,0.4075,0.9556,s3021,3593813.6638046256,0.1
3.0,,,-0.0554,,,0.3449,0.9797,s3021,3593813.6638046256,0.1
4.0,,,-0.0612,,,0.2411,0.9949,s3021,3593813.6638046256,0.1
-5.0,,,-0.0543,,,0.6503,0.0072,s3021,5994842.503189409,0.1
-4.0,,,-0.0561,,,0.6138,0.0074,s3021,5994842.503189409,0.1
-3.0,,,-0.0559,,,0.5826,0.0078,s3021,5994842.503189409,0.1
-2.0,,,-0.0558,,,0.5448,0.0078,s3021,5994842.503189409,0.1
-1.0,,,-0.0564,,,0.5151,0.0112,s3021,5994842.503189409,0.1
0.0,,,-0.0561,,,0.4754,0.0119,s3021,5994842.503189409,0.1
1.0,,,-0.0579,,,0.4149,0.3583,s3021,5994842.503189409,0.1
2.0,,,-0.0579,,,0.3492,0.7428,s3021,5994842.503189409,0.1
3.0,,,-0.0564,,,0.2833,0.9916,s3021,5994842.503189409,0.1
4.0,,,-0.06,,,0.1985,0.9698,s3021,5994842.503189409,0.1
-5.0,,,-0.0568,,,0.6136,0.0062,s3021,10000000.0,0.1
-4.0,,,-0.0556,,,0.5832,0.0063,s3021,10000000.0,0.1
-3.0,,,-0.0557,,,0.5436,0.0064,s3021,10000000.0,0.1
-2.0,,,-0.0558,,,0.512,0.0066,s3021,10000000.0,0.1
-1.0,,,-0.0551,,,0.4636,0.0096,s3021,10000000.0,0.1
0.0,,,-0.057,,,0.4217,0.01,s3021,10000000.0,0.1
1.0,,,-0.058,,,0.3655,0.2042,s3021,10000000.0,0.1
2.0,,,-0.0585,,,0.2919,0.5205,s3021,10000000.0,0.1
3.0,,,-0.0561,,,0.2331,0.7612,s3021,10000000.0,0.1
4.0,,,-0.0613,,,0.1479,0.9548,s3021,10000000.0,0.1
